id,user_id,provider,provider_user_id,email,phone,provider_metadata,is_primary,verified_at,created_at,updated_at,created_by,updated_by,deleted_at
8b434c8c-7866-40c0-b41f-cf868e763f22,23adaeda-61a3-464f-b460-80193d1d63da,email_password,admin@platform.com,admin@platform.com,,{},1,2024-01-01 00:00:00,2024-01-01 00:00:00,2024-01-01 00:00:00,,,
55ca3850-c40e-43d4-b8f8-70a595801593,acb3ab6c-dc81-48b6-bb98-725b07bbef57,email_password,admin11@company1.com,admin11@company1.com,,{},1,2024-01-02 00:00:00,2024-01-02 00:00:00,2024-01-02 00:00:00,,,
2a59b718-dabb-435b-8d43-88082e7690db,dd79c1cd-5a5a-4e32-b1c2-5854acd272e8,email_password,admin12@company1.com,admin12@company1.com,,{},1,2024-01-02 00:00:00,2024-01-02 00:00:00,2024-01-02 00:00:00,,,
5e5230db-1bc9-4257-b088-5187de4b696b,f07e882f-1d10-42a1-a5fb-fb8030178b4e,email_password,admin21@company2.com,admin21@company2.com,,{},1,2024-01-03 00:00:00,2024-01-03 00:00:00,2024-01-03 00:00:00,,,
6b9997cf-6182-4319-a591-a108240d2c11,1120446b-fa82-45c6-8829-0f1fb8a599f7,email_password,admin22@company2.com,admin22@company2.com,,{},1,2024-01-03 00:00:00,2024-01-03 00:00:00,2024-01-03 00:00:00,,,
573669cb-3be7-4909-a44f-b78c0178c648,931101f7-b06f-43fa-baed-4492444ce621,email_password,admin31@company3.com,admin31@company3.com,,{},1,2024-01-04 00:00:00,2024-01-04 00:00:00,2024-01-04 00:00:00,,,
1bd8a395-a1fd-4825-8e87-6a73404260d6,cc149b55-31d1-4474-aa21-4e7804867691,email_password,admin32@company3.com,admin32@company3.com,,{},1,2024-01-04 00:00:00,2024-01-04 00:00:00,2024-01-04 00:00:00,,,
07c27d09-440d-4219-94d3-1f3591891c25,ad64e426-7c81-47a2-877a-e6ac31667580,email_password,admin41@company4.com,admin41@company4.com,,{},1,2024-01-05 00:00:00,2024-01-05 00:00:00,2024-01-05 00:00:00,,,
ea5cce2c-cefc-487a-b9bc-d454b8c3c363,84e88ee8-909f-4692-a2d2-0afed4c91c7f,email_password,admin42@company4.com,admin42@company4.com,,{},1,2024-01-05 00:00:00,2024-01-05 00:00:00,2024-01-05 00:00:00,,,
33dd5f6f-7248-497d-b8d2-d79cf5958cff,4e1c8012-f079-4c5b-ba41-e7fe2d1afca8,email_password,admin51@company5.com,admin51@company5.com,,{},1,2024-01-06 00:00:00,2024-01-06 00:00:00,2024-01-06 00:00:00,,,
19bffb10-955d-4a8a-a1db-45a851022638,6c737295-c858-4816-9629-3bb3e264a606,email_password,admin52@company5.com,admin52@company5.com,,{},1,2024-01-06 00:00:00,2024-01-06 00:00:00,2024-01-06 00:00:00,,,
fa9605e5-61a8-41b1-9f28-6af7fe579249,88b53f5b-4753-43ce-bd42-2f42750d71b6,email_password,customer1@testmail.com,customer1@testmail.com,,{},1,2024-01-02 00:00:00,2024-01-02 00:00:00,2024-01-02 00:00:00,,,
5272f0d1-c505-4c97-a0ac-3c37113a26c1,52efba3d-138f-4b14-b601-2b6af84884d7,email_password,customer2@testmail.com,customer2@testmail.com,,{},1,2024-01-03 00:00:00,2024-01-03 00:00:00,2024-01-03 00:00:00,,,
4a060440-1242-40e0-9fb3-4e8ecb286492,7d574358-e456-4bc0-bd6e-737a4e660a59,email_password,customer3@testmail.com,customer3@testmail.com,,{},1,2024-01-04 00:00:00,2024-01-04 00:00:00,2024-01-04 00:00:00,,,
bccadcd3-6153-4d1e-8ad1-5187bb7f1ff0,ff932d57-d80e-47b8-8890-1bc4be34f16f,email_password,customer4@testmail.com,customer4@testmail.com,,{},1,2024-01-05 00:00:00,2024-01-05 00:00:00,2024-01-05 00:00:00,,,
2290ed61-f1c8-439e-b1b8-4894be57a872,ebef547f-47ba-4714-9089-09d0de16512d,email_password,customer5@testmail.com,customer5@testmail.com,,{},1,2024-01-06 00:00:00,2024-01-06 00:00:00,2024-01-06 00:00:00,,,
35e60ea1-06a0-4c5b-8318-cdf6f4782b03,4f8c0906-f410-4b29-9485-a5a2d0c48fcc,email_password,customer6@testmail.com,customer6@testmail.com,,{},1,2024-01-07 00:00:00,2024-01-07 00:00:00,2024-01-07 00:00:00,,,
e51547ad-05d6-45c7-a50c-cb0fe377500b,73c14063-593f-4f70-bc89-91226848617a,email_password,customer7@testmail.com,customer7@testmail.com,,{},1,2024-01-08 00:00:00,2024-01-08 00:00:00,2024-01-08 00:00:00,,,
e63f9116-ee7a-45c7-944e-45841adbc067,9ede05ba-e8ba-4e1c-a763-6eb938674bd4,email_password,customer8@testmail.com,customer8@testmail.com,,{},1,2024-01-09 00:00:00,2024-01-09 00:00:00,2024-01-09 00:00:00,,,
2928fec9-d640-4760-b6f6-6916126228c8,f81b5321-6858-4d52-a4ee-660efcf5ec36,email_password,customer9@testmail.com,customer9@testmail.com,,{},1,2024-01-10 00:00:00,2024-01-10 00:00:00,2024-01-10 00:00:00,,,
479cc524-927e-409d-b09b-716f45ca9343,416d945c-161e-4330-9fea-ae2888ca2120,email_password,customer10@testmail.com,customer10@testmail.com,,{},1,2024-01-11 00:00:00,2024-01-11 00:00:00,2024-01-11 00:00:00,,,
ceffe5b5-8736-47e5-b203-c45611eb1612,e0fff3da-3342-45cb-9fd4-395ac251b90b,email_password,customer11@testmail.com,customer11@testmail.com,,{},1,2024-01-12 00:00:00,2024-01-12 00:00:00,2024-01-12 00:00:00,,,
48708be1-4e6f-47a9-b754-59bb72c8b89f,2e4ec524-24dd-476e-b734-58cebd653129,email_password,customer12@testmail.com,customer12@testmail.com,,{},1,2024-01-13 00:00:00,2024-01-13 00:00:00,2024-01-13 00:00:00,,,
a72391cc-967f-4057-936b-9ca64d7ca824,792b565d-4d59-4f6c-b8ec-061ac1ea0d5c,email_password,customer13@testmail.com,customer13@testmail.com,,{},1,2024-01-14 00:00:00,2024-01-14 00:00:00,2024-01-14 00:00:00,,,
7688005c-6801-4090-ae4a-2483eac04c4c,7b6069ec-5dad-4166-8a29-6d773bffd2cb,email_password,customer14@testmail.com,customer14@testmail.com,,{},1,2024-01-15 00:00:00,2024-01-15 00:00:00,2024-01-15 00:00:00,,,
a792c300-63ea-4897-9dcd-51ce8b12ea89,d6aae71b-665f-459c-b95c-316749044881,email_password,customer15@testmail.com,customer15@testmail.com,,{},1,2024-01-16 00:00:00,2024-01-16 00:00:00,2024-01-16 00:00:00,,,
909a5c86-08da-447f-9b82-e7fd3350df0e,d8ea589b-93d6-4631-aff6-5770dae08f29,email_password,customer16@testmail.com,customer16@testmail.com,,{},1,2024-01-17 00:00:00,2024-01-17 00:00:00,2024-01-17 00:00:00,,,
6a5f395e-980f-45c2-a5cc-77b190edd3b1,d5f3704a-8387-41d1-a150-eeffc52d5a45,email_password,customer17@testmail.com,customer17@testmail.com,,{},1,2024-01-18 00:00:00,2024-01-18 00:00:00,2024-01-18 00:00:00,,,
9337047c-fc67-47f7-a7a3-41dccfe1de7d,85c52e93-6b90-4941-a3d0-edce1649da44,email_password,customer18@testmail.com,customer18@testmail.com,,{},1,2024-01-19 00:00:00,2024-01-19 00:00:00,2024-01-19 00:00:00,,,
b8c1610a-8271-4a82-8ca7-85d4574e2f31,98e36069-876d-46e3-8430-63300e5e3fd8,email_password,customer19@testmail.com,customer19@testmail.com,,{},1,2024-01-20 00:00:00,2024-01-20 00:00:00,2024-01-20 00:00:00,,,
9f17d1d0-db84-43e1-a94f-1c40abcd1519,2312613b-91cc-4f99-95dd-dda6820a8e5a,email_password,customer20@testmail.com,customer20@testmail.com,,{},1,2024-01-21 00:00:00,2024-01-21 00:00:00,2024-01-21 00:00:00,,,
d3cff945-6a82-4360-b88a-71f80552d395,b71410fd-9181-442e-8b58-c4e20056a4e7,email_password,customer21@testmail.com,customer21@testmail.com,,{},1,2024-01-22 00:00:00,2024-01-22 00:00:00,2024-01-22 00:00:00,,,
96443cda-5e86-4354-b19b-5e2b7cb42f11,1dcaab2a-d207-4cac-9a0f-392124a90fb9,email_password,customer22@testmail.com,customer22@testmail.com,,{},1,2024-01-23 00:00:00,2024-01-23 00:00:00,2024-01-23 00:00:00,,,
42827cf8-374b-4c6d-ade9-8f5edafe234c,bc6bd127-3308-476a-80ed-112502e08028,email_password,customer23@testmail.com,customer23@testmail.com,,{},1,2024-01-24 00:00:00,2024-01-24 00:00:00,2024-01-24 00:00:00,,,
76d76b36-29c7-41e4-93e1-5e14c131d102,38c3b73d-5884-4005-9e41-0acc635fefe1,email_password,customer24@testmail.com,customer24@testmail.com,,{},1,2024-01-25 00:00:00,2024-01-25 00:00:00,2024-01-25 00:00:00,,,
190e6c57-3549-406f-a02e-9c48a1acce2b,85611826-d88a-4abf-8a9f-807d603e3342,email_password,customer25@testmail.com,customer25@testmail.com,,{},1,2024-01-26 00:00:00,2024-01-26 00:00:00,2024-01-26 00:00:00,,,
c49039bf-f32b-4c0a-92c9-6e280559f2d5,c062bd5e-32fa-49b5-9c96-20c00f7c0099,email_password,customer26@testmail.com,customer26@testmail.com,,{},1,2024-01-27 00:00:00,2024-01-27 00:00:00,2024-01-27 00:00:00,,,
987ed5a1-0ab7-476f-ac17-1022ff0e28c3,551b8471-c83b-43bc-a31e-1138813257e1,email_password,customer27@testmail.com,customer27@testmail.com,,{},1,2024-01-28 00:00:00,2024-01-28 00:00:00,2024-01-28 00:00:00,,,
eb026ee2-538a-4ed2-902c-e2c9a168190a,5550badf-faab-4cff-9298-d12201b7e2f1,email_password,customer28@testmail.com,customer28@testmail.com,,{},1,2024-01-29 00:00:00,2024-01-29 00:00:00,2024-01-29 00:00:00,,,
b39711fd-65e0-4692-81a2-88f8f5b1722d,8603fcc5-9585-4977-9eb7-11aefeddd7f8,email_password,customer29@testmail.com,customer29@testmail.com,,{},1,2024-01-30 00:00:00,2024-01-30 00:00:00,2024-01-30 00:00:00,,,
eaa72e42-eee2-412a-9bd5-7d7b869539e9,c1c66332-ddd1-45a8-b977-3e5659f67301,email_password,customer30@testmail.com,customer30@testmail.com,,{},1,2024-01-31 00:00:00,2024-01-31 00:00:00,2024-01-31 00:00:00,,,
318362c4-253b-40f7-b995-9aa0397d8432,79a08445-53a5-4b3b-87ea-eadce504af71,email_password,customer31@testmail.com,customer31@testmail.com,,{},1,2024-02-01 00:00:00,2024-02-01 00:00:00,2024-02-01 00:00:00,,,
1e838d9b-3f66-4cbe-ad5d-98fb757ac462,e28da5bd-b8e1-4b86-9961-176a81349070,email_password,customer32@testmail.com,customer32@testmail.com,,{},1,2024-02-02 00:00:00,2024-02-02 00:00:00,2024-02-02 00:00:00,,,
4849c2ad-47b6-4620-80c0-67c9e14b26c4,cd1f2aec-d0f8-4abb-b475-fe67cbd6d222,email_password,customer33@testmail.com,customer33@testmail.com,,{},1,2024-02-03 00:00:00,2024-02-03 00:00:00,2024-02-03 00:00:00,,,
c42e33d3-0ade-42f5-9baf-db119ea14546,a8cab4a1-9b6b-410f-9bb1-be8655fd0e90,email_password,customer34@testmail.com,customer34@testmail.com,,{},1,2024-02-04 00:00:00,2024-02-04 00:00:00,2024-02-04 00:00:00,,,
10a4bdca-cdb4-4207-9208-ca8d0d7bf38a,f0af63da-b9a1-4cad-ab3a-cd733e31c40b,email_password,customer35@testmail.com,customer35@testmail.com,,{},1,2024-02-05 00:00:00,2024-02-05 00:00:00,2024-02-05 00:00:00,,,
2aa171ad-e23e-4bb6-bce9-ffa79af4923a,81a62d89-cefb-4134-8651-4e6cb91875f2,email_password,customer36@testmail.com,customer36@testmail.com,,{},1,2024-02-06 00:00:00,2024-02-06 00:00:00,2024-02-06 00:00:00,,,
b082bf22-eaaf-4052-8c92-0f7da5c8bb3a,275eb69c-8a74-4e48-b65f-c9cb96079958,email_password,customer37@testmail.com,customer37@testmail.com,,{},1,2024-02-07 00:00:00,2024-02-07 00:00:00,2024-02-07 00:00:00,,,
375521ea-0e2d-413e-a888-e563b92a8a58,6ef9785c-5af9-478a-98ec-a58ef9b6125c,email_password,customer38@testmail.com,customer38@testmail.com,,{},1,2024-02-08 00:00:00,2024-02-08 00:00:00,2024-02-08 00:00:00,,,
9e628e15-b741-4114-9296-e4f451957ebc,9b0c4597-fd6f-43a0-9ea6-c06b5fd716b7,email_password,customer39@testmail.com,customer39@testmail.com,,{},1,2024-02-09 00:00:00,2024-02-09 00:00:00,2024-02-09 00:00:00,,,
054b5283-5bc6-473e-ac26-f6d678297447,27d56a5c-fb1a-492f-9d4a-8d294aa77209,email_password,customer40@testmail.com,customer40@testmail.com,,{},1,2024-02-10 00:00:00,2024-02-10 00:00:00,2024-02-10 00:00:00,,,
7ceff902-c930-410b-8a0a-5760868aff17,3a25ace4-27dc-4619-81e8-0ba15086b640,email_password,customer41@testmail.com,customer41@testmail.com,,{},1,2024-02-11 00:00:00,2024-02-11 00:00:00,2024-02-11 00:00:00,,,
b9a49b7d-0c9b-40f4-8be1-943e0ac9e35c,b20dc445-8a42-4694-a7e0-c7df549138cc,email_password,customer42@testmail.com,customer42@testmail.com,,{},1,2024-02-12 00:00:00,2024-02-12 00:00:00,2024-02-12 00:00:00,,,
34f57801-97ff-450e-a481-42a75adc6e84,124b8f6b-50bf-4b34-ae21-77650e54e7f4,email_password,customer43@testmail.com,customer43@testmail.com,,{},1,2024-02-13 00:00:00,2024-02-13 00:00:00,2024-02-13 00:00:00,,,
2421968d-7321-42a3-a21a-d0e468f9d137,d77da917-ae22-454f-92b4-02df880eeace,email_password,customer44@testmail.com,customer44@testmail.com,,{},1,2024-02-14 00:00:00,2024-02-14 00:00:00,2024-02-14 00:00:00,,,
bc463dc9-558b-40e6-82b3-71ef68875299,487d7d66-1fed-41f3-aba1-0d3f281c6fc5,email_password,customer45@testmail.com,customer45@testmail.com,,{},1,2024-02-15 00:00:00,2024-02-15 00:00:00,2024-02-15 00:00:00,,,
90639e5d-395b-4490-bb16-82cc23d0e3e5,0daa0cab-5d9e-4dd3-bcd0-512490ea5fa8,email_password,customer46@testmail.com,customer46@testmail.com,,{},1,2024-02-16 00:00:00,2024-02-16 00:00:00,2024-02-16 00:00:00,,,
cc919a8f-c4f0-4666-867e-07e28ea3de34,235316ca-fcdd-4bd5-950f-d33a1f6c303c,email_password,customer47@testmail.com,customer47@testmail.com,,{},1,2024-02-17 00:00:00,2024-02-17 00:00:00,2024-02-17 00:00:00,,,
8d8573f0-0432-4564-b5b5-4e14835e426d,7eaadfbb-542e-4d51-9a89-0c83b6938040,email_password,customer48@testmail.com,customer48@testmail.com,,{},1,2024-02-18 00:00:00,2024-02-18 00:00:00,2024-02-18 00:00:00,,,
9fe6ea11-8a1a-4a57-9a30-f2ba333dfd19,d18aa61b-4a64-45c3-8a7c-904c55d5c0e0,email_password,customer49@testmail.com,customer49@testmail.com,,{},1,2024-02-19 00:00:00,2024-02-19 00:00:00,2024-02-19 00:00:00,,,
013f526c-8d5a-47e6-b15a-efa3ca11a2a1,1479df99-4ca4-4073-8292-9eee9298a5f6,email_password,customer50@testmail.com,customer50@testmail.com,,{},1,2024-02-20 00:00:00,2024-02-20 00:00:00,2024-02-20 00:00:00,,,
0cc8dc35-d5d3-4cfa-96b8-1959ed26005e,d677eb77-bd52-4115-a8ff-e3b8cc2b123f,email_password,customer51@testmail.com,customer51@testmail.com,,{},1,2024-02-21 00:00:00,2024-02-21 00:00:00,2024-02-21 00:00:00,,,
46b0b086-c056-43ab-94ec-10ba519988ab,34560fb4-9168-4818-adfb-6aa53d84c5df,email_password,customer52@testmail.com,customer52@testmail.com,,{},1,2024-02-22 00:00:00,2024-02-22 00:00:00,2024-02-22 00:00:00,,,
22eaf576-c7a6-4145-a767-b9037e624500,e5e23e06-fbdb-43af-b546-8094f67dbdb8,email_password,customer53@testmail.com,customer53@testmail.com,,{},1,2024-02-23 00:00:00,2024-02-23 00:00:00,2024-02-23 00:00:00,,,
b81a37a0-ec59-4ed7-9ae6-8417b170980b,00aac3cb-bef1-4302-a402-6fa357a5ba3b,email_password,customer54@testmail.com,customer54@testmail.com,,{},1,2024-02-24 00:00:00,2024-02-24 00:00:00,2024-02-24 00:00:00,,,
f53a41f9-a28a-4ebe-8c3b-725be3d8fbc3,9d9e7173-9dd2-4702-838b-85fa5a6af303,email_password,customer55@testmail.com,customer55@testmail.com,,{},1,2024-02-25 00:00:00,2024-02-25 00:00:00,2024-02-25 00:00:00,,,
bb38b62b-7057-453a-ae20-4be756b3562e,03535346-1aa1-4d82-9144-babfdd550287,email_password,customer56@testmail.com,customer56@testmail.com,,{},1,2024-02-26 00:00:00,2024-02-26 00:00:00,2024-02-26 00:00:00,,,
c9834f0c-3cd4-4efa-a254-76d361c86d43,ee76ec60-a426-4586-8e6b-23f48e2f365d,email_password,customer57@testmail.com,customer57@testmail.com,,{},1,2024-02-27 00:00:00,2024-02-27 00:00:00,2024-02-27 00:00:00,,,
6657497f-b710-4f2d-90df-53a3591fce05,39c9cff1-caee-48a5-9792-4120908a0a88,email_password,customer58@testmail.com,customer58@testmail.com,,{},1,2024-02-28 00:00:00,2024-02-28 00:00:00,2024-02-28 00:00:00,,,
22b2ab98-76b9-4fb8-ab24-9ec637fdda99,7e917ffe-5932-4635-920a-44862730ce5a,email_password,customer59@testmail.com,customer59@testmail.com,,{},1,2024-02-29 00:00:00,2024-02-29 00:00:00,2024-02-29 00:00:00,,,
2fb45715-576e-42c2-b66e-1a77144e49fb,882a0b59-d165-4a9b-a428-45bb24796c4b,email_password,customer60@testmail.com,customer60@testmail.com,,{},1,2024-03-01 00:00:00,2024-03-01 00:00:00,2024-03-01 00:00:00,,,
acaa2a2b-2847-43ea-bbe7-9a0af73a6c87,ae28c203-9e4b-4f1b-b229-3cd72d8d32d8,email_password,customer61@testmail.com,customer61@testmail.com,,{},1,2024-03-02 00:00:00,2024-03-02 00:00:00,2024-03-02 00:00:00,,,
f78267a7-4e85-4a67-b95f-584c6e63818f,4d269e45-f35d-4367-829e-56f624d030e5,email_password,customer62@testmail.com,customer62@testmail.com,,{},1,2024-03-03 00:00:00,2024-03-03 00:00:00,2024-03-03 00:00:00,,,
9c55a8b7-74ea-48df-96d8-bd839566791c,5fa0ced2-3c18-4462-8a8a-380a01640d7c,email_password,customer63@testmail.com,customer63@testmail.com,,{},1,2024-03-04 00:00:00,2024-03-04 00:00:00,2024-03-04 00:00:00,,,
7829ca3b-e214-4481-9d71-cec1f7723f55,dc923da3-d026-4c1b-a3b0-bcfd1e6bdf16,email_password,customer64@testmail.com,customer64@testmail.com,,{},1,2024-03-05 00:00:00,2024-03-05 00:00:00,2024-03-05 00:00:00,,,
833e9b22-6edd-4f48-b2f7-4ef0b66d7943,5dc8a3af-28d1-4e8c-8f3a-7a3835e0b78f,email_password,customer65@testmail.com,customer65@testmail.com,,{},1,2024-03-06 00:00:00,2024-03-06 00:00:00,2024-03-06 00:00:00,,,
bc504cbb-a143-4ed5-ac4e-85d918041e93,3748ab26-b6d6-4b0e-a0ff-083b8a3081c2,email_password,customer66@testmail.com,customer66@testmail.com,,{},1,2024-03-07 00:00:00,2024-03-07 00:00:00,2024-03-07 00:00:00,,,
697aedc2-4d8b-4bff-9cb2-4ab201cbf66c,12d52048-fa66-496f-a695-3990d45b6d58,email_password,customer67@testmail.com,customer67@testmail.com,,{},1,2024-03-08 00:00:00,2024-03-08 00:00:00,2024-03-08 00:00:00,,,
faa485d6-d8ca-4cf6-abac-3d35090a301b,0c8d5928-b338-4b61-ad4b-0a10b8b67109,email_password,customer68@testmail.com,customer68@testmail.com,,{},1,2024-03-09 00:00:00,2024-03-09 00:00:00,2024-03-09 00:00:00,,,
a9880ade-bcb9-4251-aec8-ebbd0bf3bf4e,8ea49143-2e39-4d36-bca2-d2fe0f8ed895,email_password,customer69@testmail.com,customer69@testmail.com,,{},1,2024-03-10 00:00:00,2024-03-10 00:00:00,2024-03-10 00:00:00,,,
aeea290f-946c-48bd-8e3b-86dc9b0faeaf,2379e53a-b35b-451a-ba9c-c73e27fdaeb1,email_password,customer70@testmail.com,customer70@testmail.com,,{},1,2024-03-11 00:00:00,2024-03-11 00:00:00,2024-03-11 00:00:00,,,
fb4f0c9d-0a98-4fca-bd72-95de6c0d592d,118a293b-42df-4c14-b383-d87d81dbdc93,email_password,customer71@testmail.com,customer71@testmail.com,,{},1,2024-03-12 00:00:00,2024-03-12 00:00:00,2024-03-12 00:00:00,,,
74e3a51c-5b6f-4105-ac65-4c81b29594b5,5f442710-0e23-4b6f-9ab9-7b71f5b2d6b1,email_password,customer72@testmail.com,customer72@testmail.com,,{},1,2024-03-13 00:00:00,2024-03-13 00:00:00,2024-03-13 00:00:00,,,
5f456b0e-bdec-495e-837f-c6244f235e26,902ed881-2423-4a5d-af70-a56af2fc8f8b,email_password,customer73@testmail.com,customer73@testmail.com,,{},1,2024-03-14 00:00:00,2024-03-14 00:00:00,2024-03-14 00:00:00,,,
934b7868-3183-499d-97ca-7c5ba3a3c4dc,49b5f63f-9ed7-438b-8986-72f8a451ad3a,email_password,customer74@testmail.com,customer74@testmail.com,,{},1,2024-03-15 00:00:00,2024-03-15 00:00:00,2024-03-15 00:00:00,,,
6ccf2856-fdd8-44a3-8e39-3dbe1f66ea60,bd545d29-87a8-45e4-a7c0-243d1c3c4ec0,email_password,customer75@testmail.com,customer75@testmail.com,,{},1,2024-03-16 00:00:00,2024-03-16 00:00:00,2024-03-16 00:00:00,,,
ed55208a-5c12-43b7-ade5-78b4daa8d572,480f1cbd-f0f8-4539-9968-0b41e5d146e0,email_password,customer76@testmail.com,customer76@testmail.com,,{},1,2024-03-17 00:00:00,2024-03-17 00:00:00,2024-03-17 00:00:00,,,
f030fa96-c02b-4dcf-a28a-0130cc85f58c,4001a8e0-3ac9-4705-920a-0b75943616a3,email_password,customer77@testmail.com,customer77@testmail.com,,{},1,2024-03-18 00:00:00,2024-03-18 00:00:00,2024-03-18 00:00:00,,,
6b29a1ae-326d-4240-acc3-c00fba0c950c,c1945844-a878-4801-b0cd-b14849e674db,email_password,customer78@testmail.com,customer78@testmail.com,,{},1,2024-03-19 00:00:00,2024-03-19 00:00:00,2024-03-19 00:00:00,,,
db6960ba-a090-4424-b5ef-091a5a58201c,96783e00-25b9-4b2b-99e3-076d299b1ed6,email_password,customer79@testmail.com,customer79@testmail.com,,{},1,2024-03-20 00:00:00,2024-03-20 00:00:00,2024-03-20 00:00:00,,,
abbefa20-47a4-4038-8628-87f72b1d6f7f,1da14c32-6413-49ab-a3d9-27eedaca947b,email_password,customer80@testmail.com,customer80@testmail.com,,{},1,2024-03-21 00:00:00,2024-03-21 00:00:00,2024-03-21 00:00:00,,,
cfb6388e-76e6-41fe-bed4-1e288bf62b65,ad62d28d-ceeb-4cab-b9aa-c27e600ba5a0,email_password,customer81@testmail.com,customer81@testmail.com,,{},1,2024-03-22 00:00:00,2024-03-22 00:00:00,2024-03-22 00:00:00,,,
61acf41c-0a5c-4bf7-b557-e55c8c31e5a0,4b100e8c-5835-418f-a645-58f6da04dd7f,email_password,customer82@testmail.com,customer82@testmail.com,,{},1,2024-03-23 00:00:00,2024-03-23 00:00:00,2024-03-23 00:00:00,,,
3391234e-17ab-4462-b76d-570beba0fe64,f5fe5c63-dd35-4f05-a04b-9477906dd4b4,email_password,customer83@testmail.com,customer83@testmail.com,,{},1,2024-03-24 00:00:00,2024-03-24 00:00:00,2024-03-24 00:00:00,,,
e6f61e50-0e3c-421b-bac7-2f2270e11972,a9665ba4-dfc9-44c6-b256-17fe1f6dbe4a,email_password,customer84@testmail.com,customer84@testmail.com,,{},1,2024-03-25 00:00:00,2024-03-25 00:00:00,2024-03-25 00:00:00,,,
c853d9a8-3489-4ee0-8e6e-33ab859826c5,e6856ae2-6964-4dd8-a998-dac64afa95cf,email_password,customer85@testmail.com,customer85@testmail.com,,{},1,2024-03-26 00:00:00,2024-03-26 00:00:00,2024-03-26 00:00:00,,,
8e356e54-205a-46b8-8496-e8c67423ad7b,621c7fe5-ad68-415a-8627-7d39f6795850,email_password,customer86@testmail.com,customer86@testmail.com,,{},1,2024-03-27 00:00:00,2024-03-27 00:00:00,2024-03-27 00:00:00,,,
201cc976-6dfe-4cd0-aa8b-e12fd9949b2c,75386f63-fd5e-4e69-8701-bd5de5788667,email_password,customer87@testmail.com,customer87@testmail.com,,{},1,2024-03-28 00:00:00,2024-03-28 00:00:00,2024-03-28 00:00:00,,,
56875c6c-50ab-4b1b-8595-61f8ee298489,af9843b1-5deb-4aa5-9af4-af79ddc95cb8,email_password,customer88@testmail.com,customer88@testmail.com,,{},1,2024-03-29 00:00:00,2024-03-29 00:00:00,2024-03-29 00:00:00,,,
3c8758ce-cb3f-443a-a564-9d7025e45d5a,ec76828e-1a34-4201-90b3-2a1002fe8496,email_password,customer89@testmail.com,customer89@testmail.com,,{},1,2024-03-30 00:00:00,2024-03-30 00:00:00,2024-03-30 00:00:00,,,
3134f4de-88e2-47f2-b968-c8529bcced74,a56f1ea5-c01d-4b8e-8fdc-960ed4ba7108,email_password,customer90@testmail.com,customer90@testmail.com,,{},1,2024-03-31 00:00:00,2024-03-31 00:00:00,2024-03-31 00:00:00,,,
7ee4b5a2-9134-468f-92ff-add0e4e0b1c0,8425e9cc-0c0b-4c3d-be0c-b9c775d6cbfd,email_password,customer91@testmail.com,customer91@testmail.com,,{},1,2024-04-01 00:00:00,2024-04-01 00:00:00,2024-04-01 00:00:00,,,
8b1997c0-777a-4457-91d5-857105f264c9,2c596b2c-c4bb-406b-b394-1726c1c6ed68,email_password,customer92@testmail.com,customer92@testmail.com,,{},1,2024-04-02 00:00:00,2024-04-02 00:00:00,2024-04-02 00:00:00,,,
b1551906-4a04-44c3-b8ba-b5c4c30325e4,b0147c72-5da8-47fb-b7b0-2b1f2eb8bad1,email_password,customer93@testmail.com,customer93@testmail.com,,{},1,2024-04-03 00:00:00,2024-04-03 00:00:00,2024-04-03 00:00:00,,,
010efe07-8f83-4ba3-8554-09a1bbdbbf19,bf4779eb-0567-40fb-9a87-fd3f1098f642,email_password,customer94@testmail.com,customer94@testmail.com,,{},1,2024-04-04 00:00:00,2024-04-04 00:00:00,2024-04-04 00:00:00,,,
91f950bb-f442-45a8-9d2e-7ab8f6e2c62c,ab8d52ce-b560-4d13-876c-6d40e43bd2fa,email_password,customer95@testmail.com,customer95@testmail.com,,{},1,2024-04-05 00:00:00,2024-04-05 00:00:00,2024-04-05 00:00:00,,,
e241c5ef-ba13-414b-9fa7-cc55936d02d0,e99041e3-e8f2-47ea-a9ee-53766f971d3e,email_password,customer96@testmail.com,customer96@testmail.com,,{},1,2024-04-06 00:00:00,2024-04-06 00:00:00,2024-04-06 00:00:00,,,
6cb4a8d9-4b86-418b-912f-c06754f3e0e8,7ee1d2d5-2e92-47d7-ad56-19157cfea6f4,email_password,customer97@testmail.com,customer97@testmail.com,,{},1,2024-04-07 00:00:00,2024-04-07 00:00:00,2024-04-07 00:00:00,,,
dbdfec0e-dfb7-485d-91bd-76bd4c5c2fb4,fc77fec7-e38d-4f68-96c6-1a6bdbcd66aa,email_password,customer98@testmail.com,customer98@testmail.com,,{},1,2024-04-08 00:00:00,2024-04-08 00:00:00,2024-04-08 00:00:00,,,
55135c35-1789-45a4-ae56-83e2b8557679,93e2602a-092f-412a-8974-178c059b8c29,email_password,customer99@testmail.com,customer99@testmail.com,,{},1,2024-04-09 00:00:00,2024-04-09 00:00:00,2024-04-09 00:00:00,,,
08da678f-0801-455b-bf0f-0d94b7a0b169,3cb8320d-9409-46c3-aa01-511b8407d7cf,email_password,customer100@testmail.com,customer100@testmail.com,,{},1,2024-04-10 00:00:00,2024-04-10 00:00:00,2024-04-10 00:00:00,,,
4ac4722b-b65e-4a24-af7f-d727079226db,b41650a4-bce6-4abe-977a-118a9b6d2be0,email_password,manager111@company1.com,manager111@company1.com,,{},1,2024-01-02 00:00:00,2024-01-02 00:00:00,2024-01-02 00:00:00,,,
2cf2f3be-afca-4cba-81c0-d61c0293fcee,de0bc3d7-635b-4f2f-8d82-45e931f6b95e,email_password,staff111@company1.com,staff111@company1.com,,{},1,2024-01-02 00:00:00,2024-01-02 00:00:00,2024-01-02 00:00:00,,,
99a3e6ec-86c9-4177-be91-ab5a0f746425,31765b77-7ae6-4c23-915e-61742a22f055,email_password,staff112@company1.com,staff112@company1.com,,{},1,2024-01-02 00:00:00,2024-01-02 00:00:00,2024-01-02 00:00:00,,,
1b3622ac-8e95-402d-a31a-c3e948c03046,8eb89a75-6ad7-46a4-9c5a-bd33160e1db2,email_password,manager121@company1.com,manager121@company1.com,,{},1,2024-01-02 00:00:00,2024-01-02 00:00:00,2024-01-02 00:00:00,,,
aee49125-8d04-48c5-b310-c728703b79f7,09370ff1-0b7c-4cb9-a360-40014f8333dd,email_password,manager122@company1.com,manager122@company1.com,,{},1,2024-01-02 00:00:00,2024-01-02 00:00:00,2024-01-02 00:00:00,,,
364ec829-1c72-4d00-808e-b3cb235bf00f,55983da3-8c8d-4f8e-80bf-49f8bc64c642,email_password,staff121@company1.com,staff121@company1.com,,{},1,2024-01-02 00:00:00,2024-01-02 00:00:00,2024-01-02 00:00:00,,,
1584a178-7a6d-42cc-a858-9e4916d7f0ab,611ee51c-843a-4380-a658-972172047218,email_password,manager211@company2.com,manager211@company2.com,,{},1,2024-01-03 00:00:00,2024-01-03 00:00:00,2024-01-03 00:00:00,,,
70ad2380-5180-4a76-b194-50ec407e7831,48507304-cd37-4113-8571-c5f5a9b7f15c,email_password,staff211@company2.com,staff211@company2.com,,{},1,2024-01-03 00:00:00,2024-01-03 00:00:00,2024-01-03 00:00:00,,,
779e4785-26ae-49a4-9efd-c10576f3f080,5d8b43b3-fc1b-4ad5-9f7f-2bc031147f06,email_password,staff212@company2.com,staff212@company2.com,,{},1,2024-01-03 00:00:00,2024-01-03 00:00:00,2024-01-03 00:00:00,,,
b51a73c2-3d8f-4880-8206-0227b5ff35ff,1d831502-90df-40ff-b899-64d7631186e7,email_password,manager221@company2.com,manager221@company2.com,,{},1,2024-01-03 00:00:00,2024-01-03 00:00:00,2024-01-03 00:00:00,,,
369a3d85-0115-4a24-a211-35a5b46f96bd,8cca4368-0d3b-4fc8-81be-970d1912df78,email_password,manager222@company2.com,manager222@company2.com,,{},1,2024-01-03 00:00:00,2024-01-03 00:00:00,2024-01-03 00:00:00,,,
29961eef-4d4d-4677-8c9e-79b8d6b930bb,308fa792-6418-448f-951e-e34adca19cb4,email_password,staff221@company2.com,staff221@company2.com,,{},1,2024-01-03 00:00:00,2024-01-03 00:00:00,2024-01-03 00:00:00,,,
476a97a4-2540-4b94-818f-6083aa52ee62,8645bc13-ad3b-46ca-ba3a-e7321e79cf0b,email_password,manager231@company2.com,manager231@company2.com,,{},1,2024-01-03 00:00:00,2024-01-03 00:00:00,2024-01-03 00:00:00,,,
f190004d-3f8a-45e2-9735-62c0399d2c57,ae4b80a0-8843-4b0b-8909-3276c653a096,email_password,staff231@company2.com,staff231@company2.com,,{},1,2024-01-03 00:00:00,2024-01-03 00:00:00,2024-01-03 00:00:00,,,
76f5cc39-a092-483c-b9c1-71567d3bab29,2cb035f0-f17d-4f8a-be27-18d5da39a368,email_password,staff232@company2.com,staff232@company2.com,,{},1,2024-01-03 00:00:00,2024-01-03 00:00:00,2024-01-03 00:00:00,,,
5c17438e-4270-40d3-ad98-e3dd0b5adeae,42ac8d59-ee85-4271-b8c7-7e858b7f025d,email_password,manager311@company3.com,manager311@company3.com,,{},1,2024-01-04 00:00:00,2024-01-04 00:00:00,2024-01-04 00:00:00,,,
9cc16cab-6306-4c94-b579-64eefad37bce,a8125c63-c864-4dbf-8b71-eff6865e9328,email_password,staff311@company3.com,staff311@company3.com,,{},1,2024-01-04 00:00:00,2024-01-04 00:00:00,2024-01-04 00:00:00,,,
344d5374-9c18-44e9-af1d-cde1138c3c39,c23fa9d2-a3b4-4f61-aec0-f51f502cdfb5,email_password,staff312@company3.com,staff312@company3.com,,{},1,2024-01-04 00:00:00,2024-01-04 00:00:00,2024-01-04 00:00:00,,,
200ec5b4-7893-46f4-a13c-40aba2ea9e51,90d2b261-f1ca-45ff-a7c9-84d66a0005dd,email_password,manager321@company3.com,manager321@company3.com,,{},1,2024-01-04 00:00:00,2024-01-04 00:00:00,2024-01-04 00:00:00,,,
f6fc77ff-c897-4ed7-9090-d929e61f379b,3b04e58e-68a4-47d0-a75d-5b90a07acd41,email_password,manager322@company3.com,manager322@company3.com,,{},1,2024-01-04 00:00:00,2024-01-04 00:00:00,2024-01-04 00:00:00,,,
d5c84991-5a83-4b9b-a87d-b767689c2651,351c4f6f-8bcd-4c35-8844-7b3279215c80,email_password,staff321@company3.com,staff321@company3.com,,{},1,2024-01-04 00:00:00,2024-01-04 00:00:00,2024-01-04 00:00:00,,,
5ca9b3e6-97a8-4cd0-b0e7-e4ba07e214f2,08d54902-12a7-4c66-91d6-3d6099c28195,email_password,manager331@company3.com,manager331@company3.com,,{},1,2024-01-04 00:00:00,2024-01-04 00:00:00,2024-01-04 00:00:00,,,
2705c091-8998-4c4b-a69d-8da08809b85c,ed532a40-9c3e-4e35-b9fd-92df394cb37b,email_password,staff331@company3.com,staff331@company3.com,,{},1,2024-01-04 00:00:00,2024-01-04 00:00:00,2024-01-04 00:00:00,,,
f872b5bf-07b8-4dbe-951a-b00436a50744,50075cd7-0bc0-4054-be9b-33292bc9a17e,email_password,staff332@company3.com,staff332@company3.com,,{},1,2024-01-04 00:00:00,2024-01-04 00:00:00,2024-01-04 00:00:00,,,
e9c8aa19-752f-4c4e-a509-dc32457f4c1c,94844949-cbc5-47b0-8894-dd0c19fbc21a,email_password,manager341@company3.com,manager341@company3.com,,{},1,2024-01-04 00:00:00,2024-01-04 00:00:00,2024-01-04 00:00:00,,,
839d04af-ba4c-4d14-ac94-2b5873291b11,3d98771c-e21e-42c0-ad4d-c2e459f468c6,email_password,manager342@company3.com,manager342@company3.com,,{},1,2024-01-04 00:00:00,2024-01-04 00:00:00,2024-01-04 00:00:00,,,
66be1077-14dd-4e5e-9cd9-69900636c8af,487c2901-d29f-4a0d-9958-d9f2b3ca6f0a,email_password,staff341@company3.com,staff341@company3.com,,{},1,2024-01-04 00:00:00,2024-01-04 00:00:00,2024-01-04 00:00:00,,,
2ad43b3a-9d33-45e8-835b-594a71cc0c68,f80e7f68-8673-4c1e-a8d1-97c48821bd23,email_password,manager411@company4.com,manager411@company4.com,,{},1,2024-01-05 00:00:00,2024-01-05 00:00:00,2024-01-05 00:00:00,,,
74a27a1d-0c1f-4207-817c-ad05f63b6a17,93df9113-cca9-4667-8c93-c11161600b94,email_password,staff411@company4.com,staff411@company4.com,,{},1,2024-01-05 00:00:00,2024-01-05 00:00:00,2024-01-05 00:00:00,,,
da39e16b-63aa-4551-8c8f-7f1b5c78bf00,5ba561ec-e68d-4569-9e22-a7ea3778b41d,email_password,staff412@company4.com,staff412@company4.com,,{},1,2024-01-05 00:00:00,2024-01-05 00:00:00,2024-01-05 00:00:00,,,
d6528736-dc5e-434c-8a05-cc5e78a42358,1904d180-b3e6-40e9-896b-5420a6ecbb09,email_password,manager421@company4.com,manager421@company4.com,,{},1,2024-01-05 00:00:00,2024-01-05 00:00:00,2024-01-05 00:00:00,,,
c8ad2ee6-9cff-4170-91a2-c7d31f7a07b3,a59a8205-3c17-4b99-9aef-16cd13c0b711,email_password,manager422@company4.com,manager422@company4.com,,{},1,2024-01-05 00:00:00,2024-01-05 00:00:00,2024-01-05 00:00:00,,,
d38a6dcc-4cea-4dd6-826e-469934ebe005,84bf6f8c-07d8-4f4c-926e-56f2eeaa5c98,email_password,staff421@company4.com,staff421@company4.com,,{},1,2024-01-05 00:00:00,2024-01-05 00:00:00,2024-01-05 00:00:00,,,
3f677f19-c7ec-4a16-b6d8-4eed614d036e,776c7938-efc3-4290-a549-06c8bf9b748c,email_password,manager511@company5.com,manager511@company5.com,,{},1,2024-01-06 00:00:00,2024-01-06 00:00:00,2024-01-06 00:00:00,,,
cc464965-e6f4-42dd-bee0-1281b65e80cd,28ebc010-9f02-4b7e-a1c3-e797f66b5bae,email_password,staff511@company5.com,staff511@company5.com,,{},1,2024-01-06 00:00:00,2024-01-06 00:00:00,2024-01-06 00:00:00,,,
80b00b8d-7aa3-41d3-bdf9-1f571ed12723,7c9d9d98-d784-4549-8282-c3c3c9c0f16d,email_password,staff512@company5.com,staff512@company5.com,,{},1,2024-01-06 00:00:00,2024-01-06 00:00:00,2024-01-06 00:00:00,,,
6700bde6-73c2-4ed9-85c8-69a4d4763e76,a8858432-6f3c-4852-9b4f-1099088f718b,email_password,manager521@company5.com,manager521@company5.com,,{},1,2024-01-06 00:00:00,2024-01-06 00:00:00,2024-01-06 00:00:00,,,
93e9b20b-141d-4cd6-b235-cbc9bf26978d,41ef5135-137e-44ea-ab97-a435ce57a285,email_password,manager522@company5.com,manager522@company5.com,,{},1,2024-01-06 00:00:00,2024-01-06 00:00:00,2024-01-06 00:00:00,,,
0de70789-a8ec-48c6-9a4d-8f81bca2735d,066d9e3f-22c7-4732-8a38-ddcf758d9bb2,email_password,staff521@company5.com,staff521@company5.com,,{},1,2024-01-06 00:00:00,2024-01-06 00:00:00,2024-01-06 00:00:00,,,
bd7a9e2a-97aa-4d0c-9df8-57f01448138f,466930ce-f2ed-4e1a-a280-d02af042f192,email_password,manager531@company5.com,manager531@company5.com,,{},1,2024-01-06 00:00:00,2024-01-06 00:00:00,2024-01-06 00:00:00,,,
0f22916a-4581-496e-abc0-5aac74a85753,d6a1a471-b15a-4512-bfad-fde0e012d83d,email_password,staff531@company5.com,staff531@company5.com,,{},1,2024-01-06 00:00:00,2024-01-06 00:00:00,2024-01-06 00:00:00,,,
868c2bfb-b821-4ed0-a67c-50d273d7fdec,ee9f275d-df7b-4e1e-85ba-ab36623cacd8,email_password,staff532@company5.com,staff532@company5.com,,{},1,2024-01-06 00:00:00,2024-01-06 00:00:00,2024-01-06 00:00:00,,,